Nom,URL fiche,Adresse,Téléphone,Site Web,Image,Catégorie,Fichier image
Casa Tua,https://www.menton-riviera-merveilles.fr/offres/restaurant-casa-tua-menton-fr-4203292/,"21 quai de Monléon, 06500 Menton",09 84 46 39 17,,,Cuisine Italienne,images/Casa_Tua.jpg
Pizzeria Pizza Express,https://www.menton-riviera-merveilles.fr/offres/pizzeria-pizza-express-menton-fr-3100216/,"13 rue Guyau, 06500 Menton",04 93 28 49 81,https://pizza-express-menton.fr/3193/accueil,,Pizzeria,images/Pizzeria_Pizza_Express.jpg
Hôtel restaurant Les  3 Vallées,https://www.menton-riviera-merveilles.fr/offres/hotel-restaurant-les-3-vallees-moulinet-fr-4787402/,"Col de Turini, 06380 Moulinet",04 93 04 23 23,,,Cuisine méditerranéenne,images/Hôtel_restaurant_Les__3_Vallées.jpg
Le Petit Prince,https://www.menton-riviera-merveilles.fr/offres/restaurant-le-petit-prince-menton-fr-3051502/,"69 promenade du Soleil, 06500 Menton",04 22 17 10 35,https://www.lepetitprince-menton.fr,,Cuisine méditerranéenne,images/Le_Petit_Prince.jpg
Le Taj,https://www.menton-riviera-merveilles.fr/offres/restaurant-le-taj-menton-fr-3051538/,"19 quai Monléon, 06500 Menton",04 93 17 41 91,https://www.restaurantindienletaj.com/,,Cuisine asiatique,images/Le_Taj.jpg
Pizzeria Côté Bistrot,https://www.menton-riviera-merveilles.fr/offres/pizzeria-cote-bistrot-roquebrune-cap-martin-fr-3051632/,"12 avenue Raymond Poincaré, 06190 Roquebrune-Cap-Martin",09 77 91 79 74,,,Pizzeria,images/Pizzeria_Côté_Bistrot.jpg
Les Parasols,https://www.menton-riviera-merveilles.fr/offres/restaurant-les-parasols-menton-fr-3051152/,"994 promenade su Soleil, 06500 Menton",09 66 80 50 28,,,Brasserie,images/Les_Parasols.jpg
Le Tagliatelle,https://www.menton-riviera-merveilles.fr/offres/restaurant-le-tagliatelle-menton-fr-3051566/,"1684 promenade du soleil, 06500 Menton",04 93 52 80 95,,,Cuisine Italienne,images/Le_Tagliatelle.jpg
Coffee Shop Edwige Coffee,https://www.menton-riviera-merveilles.fr/offres/coffee-shop-edwige-coffee-menton-fr-3051528/,"3 rue Palmaro, 06500 Menton",04 93 57 79 62,,,Cuisine indienne,images/Coffee_Shop_Edwige_Coffee.jpg
Le Flavie,https://www.menton-riviera-merveilles.fr/offres/restaurant-le-flavie-breil-sur-roya-fr-3877722/,"17 boulevard Jean Jaurès, 06540 Breil-sur-Roya",,,,Brasserie,images/Le_Flavie.jpg
Pizzeria Fleur de Mozza,https://www.menton-riviera-merveilles.fr/offres/pizzeria-fleur-de-mozza-menton-fr-5058643/,"Terre-plein du nouveau port, 27 Nouveau Port, 06500 Menton",04 97 07 95 90,,,Pizzeria,images/Pizzeria_Fleur_de_Mozza.jpg
Snack Frites City,https://www.menton-riviera-merveilles.fr/offres/snack-frites-city-roquebrune-cap-martin-fr-3051514/,"18 avenue Victor Hugo, 06190 Roquebrune-Cap-Martin",04 92 10 19 72,,,Restauration rapide,images/Snack_Frites_City.jpg
Le Prieuré,https://www.menton-riviera-merveilles.fr/offres/restaurant-le-prieure-tende-fr-3051147/,"Rue Jean Médecin, Saint Dalmas de Tende, 06430 Tende",04 93 04 75 70,http://www.leprieure.org/,,Cuisine traditionnelle française,images/Le_Prieuré.jpg
Côté Bistrot,https://www.menton-riviera-merveilles.fr/offres/restaurant-cote-bistrot-menton-fr-3051141/,"1 rue Longue, 06500 Menton",,,,Cuisine Italienne,images/Côté_Bistrot.jpg
Fé Maison,https://www.menton-riviera-merveilles.fr/offres/restaurant-fe-maison-menton-fr-3701430/,"31 avenue de Verdun, 06500 Menton",06 69 26 14 10,https://fe-maison.eatbu.com/?lang=fr,,,images/Fé_Maison.jpg
Little Italy,https://www.menton-riviera-merveilles.fr/offres/restaurant-little-italy-menton-fr-3051980/,"7 rue Pieta, 06500 Menton",09 67 19 15 44,,,Cuisine Italienne,images/Little_Italy.jpg
Mamma Mia,https://www.menton-riviera-merveilles.fr/offres/restaurant-mamma-mia-menton-fr-5124816/,"1292 Promenade du Soleil, 06500 Menton",04 97 14 86 09,,,Cuisine Italienne,images/Mamma_Mia.jpg
Thai Garden,https://www.menton-riviera-merveilles.fr/offres/restaurant-thai-garden-beausoleil-fr-3051706/,"Rue du marché, 06240 Beausoleil",04 92 10 74 63,,,Cuisine asiatique,images/Thai_Garden.jpg
Umi   Cuisine fusion,https://www.menton-riviera-merveilles.fr/offres/restaurant-umi-cuisine-fusion-menton-fr-3162728/,"Quai Gordon Bennett, Esplanade des Sablettes - Voute 9, 06500 Menton",04 93 52 74 69,https://umi-menton.com/,,Traditionnel,images/Umi___Cuisine_fusion.jpg
La Celula,https://www.menton-riviera-merveilles.fr/offres/restaurant-la-celula-menton-fr-3051657/,"3 place aux Herbes, 06500 Menton",09 64 35 71 03,,,Cuisine Italienne,images/La_Celula.jpg
Madame Bleue,https://www.menton-riviera-merveilles.fr/offres/restaurant-madame-bleue-roquebrune-cap-martin-fr-3051935/,"25 promenade du Cap Martin, 06190 Roquebrune-Cap-Martin",04 93 83 87 85,https://www.madamebleue.fr/,,Traditionnel,images/Madame_Bleue.jpg
Pizzeria 430 gradi,https://www.menton-riviera-merveilles.fr/offres/pizzeria-430-gradi-menton-fr-3872226/,"1 square Victoria, 06500 Menton",06 51 77 40 68,,,Cuisine Italienne,images/Pizzeria_430_gradi.jpg
Le Petit Port,https://www.menton-riviera-merveilles.fr/offres/restaurant-le-petit-port-menton-fr-3051565/,"4 rue du Jonquier, 06500 Menton",04 93 35 82 62,,,Cuisine méditerranéenne,images/Le_Petit_Port.jpg
Snack Fraise et Chocolat,https://www.menton-riviera-merveilles.fr/offres/snack-fraise-et-chocolat-roquebrune-cap-martin-fr-3051169/,"1 rue Raymond Poincaré, 06190 Roquebrune-Cap-Martin",06 67 08 32 20,http://www.fraise-chocolat.fr/,,Cuisine Italienne,images/Snack_Fraise_et_Chocolat.jpg
Le Cyrnos,https://www.menton-riviera-merveilles.fr/offres/restaurant-le-cyrnos-menton-fr-3051412/,"1563 promenade du Soleil, 06500 Menton",04 93 35 25 75,,,Cuisine traditionnelle française,images/Le_Cyrnos.jpg
Planet pizza,https://www.menton-riviera-merveilles.fr/offres/restaurant-planet-pizza-beausoleil-fr-3270183/,"3 bd des Moneghetti, 06240 Beausoleil",04 93 57 92 50,,,Cuisine Italienne,images/Planet_pizza.jpg
Le Saint Yves,https://www.menton-riviera-merveilles.fr/offres/restaurant-le-saint-yves-sainte-agnes-fr-3051325/,"76 rue des Sarrasins, 06500 Sainte-Agnès",04 93 35 91 45,,,Cuisine orientale,images/Le_Saint_Yves.jpg
Taxi Pizza La Turbie,https://www.menton-riviera-merveilles.fr/offres/taxi-pizza-la-turbie-la-turbie-fr-3051836/,"4 avenue de la Victoire, 06320 La Turbie",04 93 41 05 06,http://www.taxi-pizza.fr,,Food truck,images/Taxi_Pizza_La_Turbie.jpg
Snack/crêperie La Gourmandine,https://www.menton-riviera-merveilles.fr/offres/snack-creperie-la-gourmandine-menton-fr-4307664/,"1360 promenade du Soleil, 06500 Menton",,,,Crêperie,images/Snack/crêperie_La_Gourmandine.jpg
Le Cosy,https://www.menton-riviera-merveilles.fr/offres/restaurant-le-cosy-menton-fr-3051937/,"5 rue Edouard Sicardi, 06500 Menton",04 93 35 52 17,,,Brasserie,images/Le_Cosy.jpg
L'Embuscade,https://www.menton-riviera-merveilles.fr/offres/restaurant-lembuscade-menton-fr-3051750/,"Route des Ciappes, Plateau Saint Michel, 06500 Menton",,,,Pizzeria,images/L'Embuscade.jpg
La Béoua d'Afi,https://www.menton-riviera-merveilles.fr/offres/restaurant-la-beoua-dafi-sospel-fr-3051332/,"Rue Saint-Joseph, 06380 Sospel",09 54 96 99 07,,,Poisson,images/La_Béoua_d'Afi.jpg
Loulou Pirate Roquebrune,https://www.menton-riviera-merveilles.fr/offres/loulou-pirate-roquebrune-roquebrune-cap-martin-fr-4314249/,"46 avenue Winston Churchill, 06190 Roquebrune-Cap-Martin",04 12 05 00 90,https://www.loulou-pirate.com/,,Traditionnel,images/Loulou_Pirate_Roquebrune.jpg
Bar Le Biancheri,https://www.menton-riviera-merveilles.fr/offres/restaurant-bar-le-biancheri-breil-sur-roya-fr-3381890/,"5 place Biancheri, 06540 Breil-sur-Roya",04 93 04 40 11,,,Brasserie,images/Bar_Le_Biancheri.jpg
Snack coréen Little Bao,https://www.menton-riviera-merveilles.fr/offres/snack-coreen-little-bao-menton-fr-3276759/,"2 rue Palmaro, 06500 Menton",06 40 65 07 92,https://www.ubereats.com/fr/store/little-bao/cPT0rwUnSqqL3RorWtc0kA,,Cuisine asiatique,images/Snack_coréen_Little_Bao.jpg
Les Mélèzes,https://www.menton-riviera-merveilles.fr/offres/restaurant-les-melezes-tende-fr-3261686/,"Hameau de Castérino, 06430 Tende",04 93 04 95 95,,,Traditionnel,images/Les_Mélèzes.jpg
Istanbul,https://www.menton-riviera-merveilles.fr/offres/restaurant-istanbul-menton-fr-3052073/,"7 avenue Cernuschi, 06500 Menton",04 22 16 86 46,,,Cuisine Moyen Orient,images/Istanbul.jpg
La Table Gourmande,https://www.menton-riviera-merveilles.fr/offres/restaurant-la-table-gourmande-la-turbie-fr-3051951/,"13 avenue de la Victoire, 06320 La Turbie",,,,Cuisine asiatique,images/La_Table_Gourmande.jpg
La Margueria   Cave à vins,https://www.menton-riviera-merveilles.fr/offres/restaurant-la-margueria-cave-a-vins-tende-fr-3051679/,"19 avenue 16 septembre 1947, 06430 Tende",07 76 14 90 79,,,Cuisine indienne,images/La_Margueria___Cave_à_vins.jpg
Bamboo Green Kitchen,https://www.menton-riviera-merveilles.fr/offres/restaurant-bamboo-green-kitchen-roquebrune-cap-martin-fr-3701445/,"15 promenade du Cap Martin, 06190 Roquebrune-Cap-Martin",04 93 35 57 73 01,,,Restauration rapide,images/Bamboo_Green_Kitchen.jpg
Coffee Shop Artisanal / Brunch E Si,https://www.menton-riviera-merveilles.fr/offres/coffee-shop-artisanal-brunch-e-si-menton-fr-5288366/,"2 avenue Félix Faure, 06500 Menton",06 37 28 96 06,,,Restauration rapide,images/Coffee_Shop_Artisanal_/_Brunch_E_Si.jpg
Crêperie Au Gaïné,https://www.menton-riviera-merveilles.fr/offres/creperie-au-gaine-sainte-agnes-fr-3457197/,"101 Rue des Sarrasins, 06500 Sainte-Agnès",04 93 35 99 78,,,Crêperie,images/Crêperie_Au_Gaïné.jpg
Casa Fuego,https://www.menton-riviera-merveilles.fr/offres/restaurant-casa-fuego-menton-fr-3051446/,"80 bis boulevard de Garavan, 06500 Menton",,https://www.casafuego.fr/reservation,,Brasserie,images/Casa_Fuego.jpg
Sandwicherie Aquì Si Manja Ben,https://www.menton-riviera-merveilles.fr/offres/sandwicherie-aqui-si-manja-ben-la-turbie-fr-3051616/,"3 rue Combattants Afrique du Nord, 06320 La Turbie",04 93 51 21 26,,,Food truck,images/Sandwicherie_Aquì_Si_Manja_Ben.jpg
La vie est belle,https://www.menton-riviera-merveilles.fr/offres/restaurant-la-vie-est-belle-sospel-fr-3051860/,"13 place Saint-Michel, 06380 Sospel",09 53 45 67 72,,,Cuisine orientale,images/La_vie_est_belle.jpg
Pizzeria Lunica,https://www.menton-riviera-merveilles.fr/offres/pizzeria-lunica-menton-fr-5147520/,"77 avenue de Sospel, 06500 Menton",04 93 92 39 71,,,Cuisine Italienne,images/Pizzeria_Lunica.jpg
ML Lounge,https://www.menton-riviera-merveilles.fr/offres/restaurant-ml-lounge-menton-fr-3051653/,"Terre plein du nouveau port, Port de garavan, 06500 Menton",,https://ml-lounge.eatbu.com/?lang=fr,,Traditionnel,images/ML_Lounge.jpg
Plage Privée Le Fanal,https://www.menton-riviera-merveilles.fr/offres/restaurant-plage-privee-le-fanal-roquebrune-cap-martin-fr-3051945/,"31 Promenade Robert Schumann, 06190 Roquebrune-Cap-Martin",04 93 35 53 80,,,Cuisine Italienne,images/Plage_Privée_Le_Fanal.jpg
La Fabrique,https://www.menton-riviera-merveilles.fr/offres/restaurant-la-fabrique-menton-fr-3051976/,"1292 promenade du Soleil, 06500 Menton",04 93 86 07 10,,,Cuisine indienne,images/La_Fabrique.jpg
Chez Luca   pizza&cucina,https://www.menton-riviera-merveilles.fr/offres/chez-luca-pizzacucina-la-brigue-fr-4197646/,"59, Rue Alberti Bernardin, 06430 La Brigue",,,,Cuisine asiatique,images/Chez_Luca___pizza&cucina.jpg
L'Etape,https://www.menton-riviera-merveilles.fr/offres/restaurant-letape-menton-fr-3051747/,"95 avenue de Sospel, 06500 Menton",04 92 10 19 94,,,Cuisine méditerranéenne,images/L'Etape.jpg
Le Chamois D'Or,https://www.menton-riviera-merveilles.fr/offres/restaurant-le-chamois-dor-tende-fr-3880154/,"Hameau de Castérino, 06430 Tende",+33 6 17 54 38 09,https://www.hotelchamoisdor.net,,Brasserie,images/Le_Chamois_D'Or.jpg
Leone,https://www.menton-riviera-merveilles.fr/offres/restaurant-leone-menton-fr-3051315/,"14 square Victoria, 06500 Menton",,http://www.leonerestaurant.com/,,Cuisine Italienne,images/Leone.jpg
Primo,https://www.menton-riviera-merveilles.fr/offres/restaurant-primo-menton-fr-4970818/,"25 quai Bonaparte, 06500 Menton",04 89 74 73 07,,,Cuisine Italienne,images/Primo.jpg
Café du Parvis,https://www.menton-riviera-merveilles.fr/offres/cafe-du-parvis-menton-fr-3751875/,"2 quai de Monleon, 06500 Menton",06 69 79 40 80,,,Restauration rapide,images/Café_du_Parvis.jpg
A boire et à manger,https://www.menton-riviera-merveilles.fr/offres/restaurant-a-boire-et-a-manger-menton-fr-3051222/,"5 rue du Vieux Collège, 06500 Menton",04 93 17 87 84,https://www.instagram.com/aboireamanger_/,,Cuisine traditionnelle française,images/A_boire_et_à_manger.jpg
La Casa des Merveilles,https://www.menton-riviera-merveilles.fr/offres/la-casa-des-merveilles-la-brigue-fr-3421799/,"Rue Louis Bourguet, 06430 La Brigue",,,,Cuisine espagnole,images/La_Casa_des_Merveilles.jpg
Le Palais des Papilles,https://www.menton-riviera-merveilles.fr/offres/le-palais-des-papilles-moulinet-fr-4312816/,"8 rue Carnot, 06380 Moulinet",06 45 63 39 81,,,Restauration rapide,images/Le_Palais_des_Papilles.jpg
chez Tonton,https://www.menton-riviera-merveilles.fr/offres/restaurant-chez-tonton-menton-fr-5011794/,"17 avenue cernuschi, 06500 Menton",09 77 96 97 87,https://www.chez-tonton-kebab.fr/,,Cuisine orientale,images/chez_Tonton.jpg
de hamburgers Idéal Tacos,https://www.menton-riviera-merveilles.fr/offres/restaurant-de-hamburgers-ideal-tacos-menton-fr-3051851/,"1 avenue carnot, 06500 Menton",04 93 84 07 08,https://www.idealtacos.fr/,,Cuisine orientale,images/de_hamburgers_Idéal_Tacos.jpg
Les Gascons,https://www.menton-riviera-merveilles.fr/offres/restaurant-les-gascons-menton-fr-5313945/,"21 place du Cap, 06500 Menton",04 93 35 45 65,https://bonsrestaurants.fr/restaurants/les-gascons-menton/,,Cuisine traditionnelle française,images/Les_Gascons.jpg
Premium Kebab,https://www.menton-riviera-merveilles.fr/offres/restaurant-premium-kebab-beausoleil-fr-3051891/,"29 boulevard de la République, 06240 Beausoleil",04 93 97 40 91,,,Cuisine Moyen Orient,images/Premium_Kebab.jpg
Elsa,https://www.menton-riviera-merveilles.fr/offres/restaurant-elsa-roquebrune-cap-martin-fr-3052089/,"Hôtel Monte-Carlo Beach, Avenue Princesse Grace, 06190 Roquebrune-Cap-Martin",00 377 98 06 50 05,http://fr.monte-carlo-beach.com/restaurants-bars/elsa/,,Cuisine méditerranéenne,images/Elsa.jpg
le 5,https://www.menton-riviera-merveilles.fr/offres/restaurant-le-5-menton-fr-3051787/,"5 rue de la République, 06500 Menton",04 92 41 81 81,,,Brasserie,images/le_5.jpg
Steak House,https://www.menton-riviera-merveilles.fr/offres/restaurant-steak-house-la-turbie-fr-3051883/,"7 avenue de la Victoire, 06320 La Turbie",04 93 51 62 66,http://hotel-napoleon.com/site/fr/accueil/,,Brasserie,images/Steak_House.jpg
Et Vualà Menton,https://www.menton-riviera-merveilles.fr/offres/et-vuala-menton-menton-fr-5598875/,"39 avenue Cernuschi, 06500 Menton",+33 7 88 84 76 59,,,Cuisine Italienne,images/Et_Vualà_Menton.jpg
Zen Eat,https://www.menton-riviera-merveilles.fr/offres/restaurant-zen-eat-beausoleil-fr-3051445/,"7 avenue du Général De Gaulle, 06240 Beausoleil",09 86 29 34 81,http://www.zen-eat.com,,Cuisine asiatique,images/Zen_Eat.jpg
Sousper,https://www.menton-riviera-merveilles.fr/offres/restaurant-sousper-sospel-fr-3051640/,"17 avenue Jean Médecin, 06380 Sospel",04 93 54 70 72,,,Pizzeria,images/Sousper.jpg
Trattoria La Mamma,https://www.menton-riviera-merveilles.fr/offres/restaurant-trattoria-la-mamma-menton-fr-3051812/,"1 rue de la Marne, 06500 Menton",04 93 78 72 09,https://www.trattorialamamma.com,,Cuisine Italienne,images/Trattoria_La_Mamma.jpg
du Tennis,https://www.menton-riviera-merveilles.fr/offres/restaurant-du-tennis-menton-fr-3469833/,"16 rue albert 1er, 06500 Menton",04 93 28 43 01,https://restaurant-du-tennis.eatbu.com/?lang=fr,,Restauration rapide,images/du_Tennis.jpg
Le Carnival,https://www.menton-riviera-merveilles.fr/offres/restaurant-le-carnival-menton-fr-3052075/,"29 quai de Monléon, 06500 Menton",04 93 35 99 95,,,Cuisine indienne,images/Le_Carnival.jpg
Le Lido,https://www.menton-riviera-merveilles.fr/offres/restaurant-le-lido-menton-fr-5035820/,"24 rue Saint Michel, 06500 Menton",04 93 28 48 71,https://fr.restaurantguru.com/Le-Lido-Menton,,Cuisine traditionnelle française,images/Le_Lido.jpg
La Brigade du Goût,https://www.menton-riviera-merveilles.fr/offres/la-brigade-du-gout-la-turbie-fr-3052012/,"Chemin Saint Pierre 231, 06320 La Turbie",04 93 51 08 00,https://la-brigade-du-gout.eatbu.com/?lang=fr,,Cuisine méditerranéenne,images/La_Brigade_du_Goût.jpg
New indien,https://www.menton-riviera-merveilles.fr/offres/restaurant-new-indien-beausoleil-fr-3476739/,"9 bd de la République, 06240 Beausoleil",04 93 78 17 89,,,Cuisine indienne,images/New_indien.jpg
2 G,https://www.menton-riviera-merveilles.fr/offres/restaurant-2-g-sospel-fr-4388188/,"9 avenue de Verdun, 06380 Sospel",07 87 96 67 61,,,Pizzeria,images/2_G.jpg
Le Stanley,https://www.menton-riviera-merveilles.fr/offres/restaurant-le-stanley-menton-fr-3051853/,"6 place du Cap, 06500 Menton",04 93 41 37 22,https://www.le-stanley-restaurant-menton.com/,,Cuisine asiatique,images/Le_Stanley.jpg
Pizzeria   Bocca Fina Pizza menton,https://www.menton-riviera-merveilles.fr/offres/pizzeria-bocca-fina-pizza-menton-menton-fr-5006883/,"2 promenade Val du Carei, 06500 Menton",06 84 02 03 79,,,Pizzeria,images/Pizzeria___Bocca_Fina_Pizza_menton.jpg
O'Douro RCM,https://www.menton-riviera-merveilles.fr/offres/restaurant-odouro-rcm-roquebrune-cap-martin-fr-3051677/,"6 Avenue Maréchal Foch, 06190 Roquebrune-Cap-Martin",04 93 21 95 93,https://sas-o-douro.eatbu.com/?lang=fr,,,images/O'Douro_RCM.jpg
Lyõde,https://www.menton-riviera-merveilles.fr/offres/restaurant-lyode-menton-fr-5072581/,"8 promenade de la mer, 06500 Menton",04 93 84 76 95,,,Fruits de mer,images/Lyõde.jpg
Il Capriccio,https://www.menton-riviera-merveilles.fr/offres/restaurant-il-capriccio-menton-fr-3051970/,"26 rue de la République, 06500 Menton",06 24 48 26 81,,,Pizzeria,images/Il_Capriccio.jpg
Da Franci,https://www.menton-riviera-merveilles.fr/offres/restaurant-da-franci-menton-fr-5404904/,"11 rue Saint Michel, 06500 Menton",09 62 63 21 39,,,Cuisine Italienne,images/Da_Franci.jpg
L'Entre II,https://www.menton-riviera-merveilles.fr/offres/restaurant-lentre-ii-menton-fr-3051534/,"2 avenue Boyer, 06500 Menton",04 93 51 70 42,https://lentre-2.eatbu.com/,,Traditionnel,images/L'Entre_II.jpg
Les Cotes de Menton,https://www.menton-riviera-merveilles.fr/offres/restaurant-les-cotes-de-menton-menton-fr-5270808/,"59 B Porte de France, 06500 Menton",04 93 51 20 84,,,Spécial viande,images/Les_Cotes_de_Menton.jpg
Zamane Couscous,https://www.menton-riviera-merveilles.fr/offres/restaurant-zamane-couscous-roquebrune-cap-martin-fr-3051505/,"1 Avenue de France, 06190 Roquebrune-Cap-Martin",,,,Cuisine orientale,images/Zamane_Couscous.jpg
La Taverne,https://www.menton-riviera-merveilles.fr/offres/restaurant-la-taverne-tende-fr-4902741/,"71  avenue du 16 Septembre 1947, 06430 Tende",06 12 98 69 18,,,Cuisine Italienne,images/La_Taverne.jpg
Les Santons,https://www.menton-riviera-merveilles.fr/offres/restaurant-les-santons-la-turbie-fr-3051953/,"700 route de la Tête de Chien, 06320 La Turbie",04 93 41 15 76,https://www.les-santons.fr/,,Brasserie,images/Les_Santons.jpg
Pecora Negra,https://www.menton-riviera-merveilles.fr/offres/restaurant-pecora-negra-menton-fr-3051694/,"Quai Gordon Bennett, Esplanade des Sablettes, 06500 Menton",04 93 96 30 38,https://pecoranegra.fr/,,Cuisine indienne,images/Pecora_Negra.jpg
L'Onda,https://www.menton-riviera-merveilles.fr/offres/restaurant-londa-menton-fr-3051501/,"1050 promenade du Soleil, 06500 Menton",06 70 12 28 09,,,Cuisine Italienne,images/L'Onda.jpg
Le Fellini,https://www.menton-riviera-merveilles.fr/offres/restaurant-le-fellini-roquebrune-cap-martin-fr-3052016/,"7, Promenade du Cap, 06190 Roquebrune-Cap-Martin",04 92 10 70 82,,,,images/Le_Fellini.jpg
Royal Westminster,https://www.menton-riviera-merveilles.fr/offres/restaurant-royal-westminster-menton-fr-3051428/,"1510 promenade du Soleil, 06500 Menton",04 93 28 69 69,https://www.hotel-royal-westminster.com/,,Cuisine méditerranéenne,images/Royal_Westminster.jpg
Pizzeria Euro Pizza,https://www.menton-riviera-merveilles.fr/offres/pizzeria-euro-pizza-roquebrune-cap-martin-fr-3051904/,"193, Avenue Aristide Briand, 06190 Roquebrune-Cap-Martin",04 93 41 76 02,,,Pizzeria,images/Pizzeria_Euro_Pizza.jpg
Grill'Art,https://www.menton-riviera-merveilles.fr/offres/restaurant-grillart-beausoleil-fr-4031652/,"6 boulevard des Moneghetti, 06240 Beausoleil",09 81 09 09 76,,,Cuisine méditerranéenne,images/Grill'Art.jpg
Pizzeria Pizza de la Frontière,https://www.menton-riviera-merveilles.fr/offres/pizzeria-pizza-de-la-frontiere-menton-fr-3051893/,"9 avenue Aristide Briand, 06500 Menton",06 85 80 50 06,,,Pizzeria,images/Pizzeria_Pizza_de_la_Frontière.jpg
Côté Sud,https://www.menton-riviera-merveilles.fr/offres/restaurant-cote-sud-menton-fr-3051424/,"15 quai Bonaparte, 06500 Menton",,,,Cuisine Italienne,images/Côté_Sud.jpg
Plage privée Cala Pulpo,https://www.menton-riviera-merveilles.fr/offres/plage-privee-cala-pulpo-roquebrune-cap-martin-fr-3703265/,"6 avenue Georges Drin, Lot 6A plage du Golfe Bleu, 06190 Roquebrune-Cap-Martin",04 97 14 81 72,https://calapulpo.fr,,Cuisine méditerranéenne,images/Plage_privée_Cala_Pulpo.jpg
Hostellerie du Pont Vieux,https://www.menton-riviera-merveilles.fr/offres/hostellerie-du-pont-vieux-sospel-fr-3051382/,"3 avenue Jean Médecin, 06380 Sospel",,,,Traditionnel,images/Hostellerie_du_Pont_Vieux.jpg
La Caz'Amis,https://www.menton-riviera-merveilles.fr/offres/restaurant-la-cazamis-menton-fr-3051568/,"11 rue Trenca, 06500 Menton",,https://lacazamis.com/,,Brasserie,images/La_Caz'Amis.jpg
La Dolce Vita,https://www.menton-riviera-merveilles.fr/offres/restaurant-la-dolce-vita-menton-fr-3051797/,"15 promenade de la Mer, 06500 Menton",,https://www.ladolcevitaplage.com/,,Cuisine Italienne,images/La_Dolce_Vita.jpg
Riviera,https://www.menton-riviera-merveilles.fr/offres/riviera-restaurant-roquebrune-cap-martin-fr-3507806/,"1551 route de la Turbie, 06190 Roquebrune-Cap-Martin",04 93 37 22 45,https://www.maybourneriviera.com/fr/,,Cuisine Italienne,images/Riviera.jpg
"""La Cave Turbiasque""",https://www.menton-riviera-merveilles.fr/offres/restaurant-la-cave-turbiasque-la-turbie-fr-3051168/,"3 Place Théodore de Banville, 06320 La Turbie",04 93 41 15 02,,,Cuisine méditerranéenne,"images/""La_Cave_Turbiasque"".jpg"
Rôtisserie,https://www.menton-riviera-merveilles.fr/offres/restaurant-rotisserie-beausoleil-fr-3474830/,"15 avenue Camille Blanc, 06240 Beausoleil",04 93 17 44 11,https://ilove-rotisserie.com/commander,,Brasserie,images/Rôtisserie.jpg
Chef Zïolo,https://www.menton-riviera-merveilles.fr/offres/restaurant-chef-ziolo-menton-fr-3158449/,"21 avenue de Verdun, 06500 Menton",,https://chefziolo.fr/contact/,,Cuisine Italienne,images/Chef_Zïolo.jpg
Brasserie Galba,https://www.menton-riviera-merveilles.fr/offres/brasserie-galba-menton-fr-5019511/,"1131 promenade du Soleil, 06500 Menton",04 89 03 41 19,,,Brasserie,images/Brasserie_Galba.jpg
Pizzeria Cristo Pizza,https://www.menton-riviera-merveilles.fr/offres/pizzeria-cristo-pizza-menton-fr-3051264/,"1 route val des Castagnins, 06500 Menton",,https://www.cristopizzamenton.com/,,Pizzeria,images/Pizzeria_Cristo_Pizza.jpg
Le P'tit Gourmet,https://www.menton-riviera-merveilles.fr/offres/restaurant-le-ptit-gourmet-sospel-fr-5709431/,"2, avenue Jean Médecin, 06380 Sospel",,,,Cuisine traditionnelle française,images/Le_P'tit_Gourmet.jpg
Le Cabanon,https://www.menton-riviera-merveilles.fr/offres/restaurant-le-cabanon-roquebrune-cap-martin-fr-3051195/,"Chemin du Goéland, 06190 Roquebrune-Cap-Martin",04 93 83 33 93,,,Cuisine Italienne,images/Le_Cabanon.jpg
Mahébourg,https://www.menton-riviera-merveilles.fr/offres/restaurant-mahebourg-menton-fr-3743886/,"2 avenue Thiers, 06500 Menton",04 89 00 17 72,https://www.mahebourg-restaurant.fr/,,Cuisine turque,images/Mahébourg.jpg
Sapori italiani,https://www.menton-riviera-merveilles.fr/offres/restaurant-sapori-italiani-beausoleil-fr-3052054/,"2 avenue du Général De Gaulle, 06240 Beausoleil",04 92 10 79 40,,,Cuisine Italienne,images/Sapori_italiani.jpg
/self à volonté Citron d'or,https://www.menton-riviera-merveilles.fr/offres/restaurant-self-a-volonte-citron-dor-menton-fr-3093186/,"39 avenue de Verdun, 06500 Menton",09 83 60 83 83,,,Café,images//self_à_volonté_Citron_d'or.jpg
Chez Lina,https://www.menton-riviera-merveilles.fr/offres/restaurant-chez-lina-menton-fr-3051702/,"1 Traverse du Bastion, 06500 Menton",06 30 19 75 58,https://chezlina-menton.metro.rest/?lang=fr,,Pizzeria,images/Chez_Lina.jpg
Le Bonzaï,https://www.menton-riviera-merveilles.fr/offres/restaurant-le-bonzai-roquebrune-cap-martin-fr-3051522/,"197 avenue Aristide Briand, 06190 Roquebrune-Cap-Martin",04 93 41 66 80,,,Cuisine asiatique,images/Le_Bonzaï.jpg
Au Grand Inquisiteur,https://www.menton-riviera-merveilles.fr/offres/restaurant-au-grand-inquisiteur-roquebrune-cap-martin-fr-3051560/,"18 rue du Château, 06190 Roquebrune-Cap-Martin",04 93 35 05 37,http://www.augrandinquisiteur.com,,Cuisine asiatique,images/Au_Grand_Inquisiteur.jpg
Le Majestic Bar,https://www.menton-riviera-merveilles.fr/offres/restaurant-le-majestic-bar-menton-fr-3051846/,"10 avenue Thiers, 06500 Menton",04 93 35 71 33,,,Brasserie,images/Le_Majestic_Bar.jpg
La Cabane plage,https://www.menton-riviera-merveilles.fr/offres/restaurant-la-cabane-plage-menton-fr-3051335/,"6 promenade de la Mer, 06500 Menton",04 93 78 66 07,,,Cuisine espagnole,images/La_Cabane_plage.jpg
O Cantinho Da Saudade,https://www.menton-riviera-merveilles.fr/offres/restaurant-o-cantinho-da-saudade-beausoleil-fr-3051868/,"Place de la Libération, 06240 Beausoleil",04 92 10 84 78,,,,images/O_Cantinho_Da_Saudade.jpg
Le Bistrot de Banville,https://www.menton-riviera-merveilles.fr/offres/restaurant-le-bistrot-de-banville-la-turbie-fr-3051215/,"7 place Théodore de Banville, 06320 La Turbie",04 92 07 00 55,,,Cuisine Italienne,images/Le_Bistrot_de_Banville.jpg
Sangthong,https://www.menton-riviera-merveilles.fr/offres/sangthong-la-brigue-fr-5312886/,06430 La Brigue,06 34 12 82 17,,,Cuisine asiatique,images/Sangthong.jpg
Crêperie Saint Michel,https://www.menton-riviera-merveilles.fr/offres/creperie-saint-michel-menton-fr-3051567/,"5 rue Piéta, 06500 Menton",04 93 28 44 64,,,Crêperie,images/Crêperie_Saint_Michel.jpg
Bistrot L'Ormeau,https://www.menton-riviera-merveilles.fr/offres/bistrot-lormeau-castellar-fr-5279238/,"2 Place Clemenceau, 06500 Castellar",06 19 16 16 71,,,,images/Bistrot_L'Ormeau.jpg
O Bom Gosto,https://www.menton-riviera-merveilles.fr/offres/restaurant-o-bom-gosto-menton-fr-3051389/,"103 avenue de Sospel, 06500 Menton",09 81 36 56 98,,,Cuisine méditerranéenne,images/O_Bom_Gosto.jpg
Le Bayon,https://www.menton-riviera-merveilles.fr/offres/restaurant-le-bayon-roquebrune-cap-martin-fr-3051551/,"209 avenue Aristide Briand, 06190 Roquebrune-Cap-Martin",09 81 91 38 56,,,Cuisine asiatique,images/Le_Bayon.jpg
Bistrot 58,https://www.menton-riviera-merveilles.fr/offres/restaurant-bistrot-58-menton-fr-3117448/,"960 promenade du Soleil, 06500 Menton",,,,Cuisine Italienne,images/Bistrot_58.jpg
La Puccia Salentina,https://www.menton-riviera-merveilles.fr/offres/restaurant-la-puccia-salentina-menton-fr-3051221/,"1 quai Laurenti, 06500 Menton",09 54 78 89 75,,,Cuisine Italienne,images/La_Puccia_Salentina.jpg
Le Lilly's    Bar Cocktails,https://www.menton-riviera-merveilles.fr/offres/le-lillys-restaurant-bar-cocktails-sainte-agnes-fr-4343393/,"2 Place de l'Église, 06500 Sainte-Agnès",04 93 57 38 38,,,Brasserie,images/Le_Lilly's____Bar_Cocktails.jpg
Snack bar Le Break,https://www.menton-riviera-merveilles.fr/offres/snack-bar-le-break-menton-fr-5035811/,"31 avenue de Verdun, 06500 Menton",04 93 97 89 68,,,Restauration rapide,images/Snack_bar_Le_Break.jpg
L'Orangerie,https://www.menton-riviera-merveilles.fr/offres/restaurant-lorangerie-menton-fr-3051765/,"3 rue de la Marne, 06500 Menton",04 97 14 84 91,,,,images/L'Orangerie.jpg
Le P'tit Resto,https://www.menton-riviera-merveilles.fr/offres/restaurant-le-ptit-resto-menton-fr-3051509/,"19 avenue de la Madone, 06500 Menton",04 93 41 37 07,,,Cuisine traditionnelle française,images/Le_P'tit_Resto.jpg
A l'Ombre du Clocher,https://www.menton-riviera-merveilles.fr/offres/restaurant-a-lombre-du-clocher-menton-fr-3051484/,"3 rue Magenta, Place Loredan Larchey, 06500 Menton",09 83 27 20 55,,,Cuisine traditionnelle française,images/A_l'Ombre_du_Clocher.jpg
L'adresse,https://www.menton-riviera-merveilles.fr/offres/restaurant-ladresse-roquebrune-cap-martin-fr-5260773/,"59 avenue Robert Schuman, 06190 Roquebrune-Cap-Martin",09 87 32 23 31,,,Cuisine Italienne,images/L'adresse.jpg
Pizzeria Pizz'alex Menton,https://www.menton-riviera-merveilles.fr/offres/pizzeria-pizzalex-menton-menton-fr-3051979/,"3 avenue Cernuschi, 06500 Menton",04 92 41 09 26,https://pizzalex-menton.com/,,Pizzeria,images/Pizzeria_Pizz'alex_Menton.jpg
Bar  A l'Etape,https://www.menton-riviera-merveilles.fr/offres/bar-restaurant-a-letape-fontan-fr-3810465/,"53 avenue Théophile Bottone - RD 6204, 06540 Fontan",,,,Traditionnel,images/Bar__A_l'Etape.jpg
Sainte Marie Madeleine,https://www.menton-riviera-merveilles.fr/offres/restaurant-sainte-marie-madeleine-tende-fr-3051865/,"Hameau de Casterino, 06430 Tende",04 93 04 65 93,https://www.casterino.com,,Cuisine traditionnelle française,images/Sainte_Marie_Madeleine.jpg
O'Frais,https://www.menton-riviera-merveilles.fr/offres/restaurant-ofrais-menton-fr-3051303/,"9 avenue de Verdun, 06500 Menton",07 83 47 97 44,,,Restauration rapide,images/O'Frais.jpg
Indochina (RBAG),https://www.menton-riviera-merveilles.fr/offres/restaurant-indochina-rbag-menton-fr-3051485/,"11 rue Partouneaux, 06500 Menton",04 93 41 68 60,,,Cuisine asiatique,images/Indochina_(RBAG).jpg
Brasserie du Cap,https://www.menton-riviera-merveilles.fr/offres/brasserie-du-cap-menton-fr-3051742/,"1 place du Cap, 06500 Menton",04 93 35 91 06,,,Brasserie,images/Brasserie_du_Cap.jpg
Pizzeria Pizz'Addict,https://www.menton-riviera-merveilles.fr/offres/pizzeria-pizzaddict-menton-fr-4970820/,"33 quai Bonaparte, 06500 Menton",04 23 20 60 54,,,Pizzeria,images/Pizzeria_Pizz'Addict.jpg
Le Heinz Café,https://www.menton-riviera-merveilles.fr/offres/le-heinz-cafe-restaurant-saorge-fr-3051253/,"1 place Georges Clémenceau, 06540 Saorge",06 78 72 41 49,,,Pizzeria,images/Le_Heinz_Café.jpg
L'Effet Mer,https://www.menton-riviera-merveilles.fr/offres/restaurant-leffet-mer-menton-fr-4305108/,"2 quai Gordon Bennet, Voutes 2 et 3, 06500 Menton",,https://www.leffetmermenton.com/,,,images/L'Effet_Mer.jpg
L'Hippocampe,https://www.menton-riviera-merveilles.fr/offres/restaurant-lhippocampe-roquebrune-cap-martin-fr-3051280/,"44 avenue Winston Churchill, 06190 Roquebrune-Cap-Martin",04 93 35 81 91,https://www.hippocampe-restaurant.com/,,Poisson,images/L'Hippocampe.jpg
Casa Dali,https://www.menton-riviera-merveilles.fr/offres/restaurant-casa-dali-menton-fr-5022251/,"14 rue Partouneaux, 06500 Menton",,https://casa-dali.eatbu.com/?lang=fr#services,,Cuisine indienne,images/Casa_Dali.jpg
L'Hexagone,https://www.menton-riviera-merveilles.fr/offres/restaurant-lhexagone-menton-fr-3861129/,"1 rue des Logettes, 06500 Menton",04 93 96 56 42,,,Traditionnel,images/L'Hexagone.jpg
L'entrepo't,https://www.menton-riviera-merveilles.fr/offres/restaurant-lentrepot-moulinet-fr-5221886/,"Placette Carnot, 06380 Moulinet",04 93 04 80 12,,,Pizzeria,images/L'entrepo't.jpg
Brunch Dog's & CoFee,https://www.menton-riviera-merveilles.fr/offres/brunch-dogs-co-fee-menton-fr-5222981/,"3 porte de France, 06500 Menton",06 69 22 72 13,,,,images/Brunch_Dog's_&_CoFee.jpg
Casarella,https://www.menton-riviera-merveilles.fr/offres/restaurant-casarella-roquebrune-cap-martin-fr-3051591/,"15, Rue Grimaldi, 06190 Roquebrune-Cap-Martin",04 93 35 03 57,,,Cuisine Italienne,images/Casarella.jpg
Le Righi,https://www.menton-riviera-merveilles.fr/offres/restaurant-le-righi-sainte-agnes-fr-3051193/,"1 place du Fort, 06500 Sainte-Agnès",04 92 10 90 88,http://www.restaurant-lerighi.fr,,Cuisine orientale,images/Le_Righi.jpg
Bistrot La Régence,https://www.menton-riviera-merveilles.fr/offres/restaurant-bistrot-la-regence-menton-fr-3051419/,"23 rue Partouneaux, 06500 Menton",09 64 04 63 72,https://laregencementon.eatbu.com/?lang=fr,,Brasserie,images/Bistrot_La_Régence.jpg
L'Oasis,https://www.menton-riviera-merveilles.fr/offres/restaurant-loasis-beausoleil-fr-3051386/,"4 rue du marché, 06240 Beausoleil",,,,Restauration rapide,images/L'Oasis.jpg
Le Deck,https://www.menton-riviera-merveilles.fr/offres/restaurant-le-deck-roquebrune-cap-martin-fr-3051144/,"Monte Carlo Beach Hôtel, Avenue Princesse Grace, 06190 Roquebrune-Cap-Martin",00 377 98 06 51 00,,,Cuisine Italienne,images/Le_Deck.jpg
ça beigne,https://www.menton-riviera-merveilles.fr/offres/restaurant-ca-beigne-tende-fr-5726700/,06430 Tende,,,,Cuisine orientale,images/ça_beigne.jpg
Snack du koaland,https://www.menton-riviera-merveilles.fr/offres/snack-du-koaland-menton-fr-3912878/,"Avenue de la Madone, 06500 Menton",04 93 98 20 37,,,Cuisine indienne,images/Snack_du_koaland.jpg
Les enfants terribles,https://www.menton-riviera-merveilles.fr/offres/restaurant-les-enfants-terribles-menton-fr-3052042/,"1 quai Bonaparte, 06500 Menton",04 93 35 80 67,https://www.lesenfantsterribles-menton.com,,Fruits de mer,images/Les_enfants_terribles.jpg
Pub/ Le K rillon,https://www.menton-riviera-merveilles.fr/offres/pub-restaurant-le-k-rillon-roquebrune-cap-martin-fr-3713707/,"183 avenue Aristide Briand, 06190 Roquebrune-Cap-Martin",04 93 28 23 33,,,Pizzeria,images/Pub/_Le_K_rillon.jpg
"""Nonna Francesca""",https://www.menton-riviera-merveilles.fr/offres/restaurant-nonna-francesca-la-turbie-fr-5266808/,"9 route de Menton, 06320 La Turbie",04 93 52 58 30,https://nonnafrancesca.com/,,Cuisine Italienne,"images/""Nonna_Francesca"".jpg"
Le Rouge Gorge,https://www.menton-riviera-merveilles.fr/offres/restaurant-le-rouge-gorge-menton-fr-4612448/,"5 rue Max Barel, 06500 Menton",07 49 53 43 43,,,Cuisine Italienne,images/Le_Rouge_Gorge.jpg
O' Sole Mio,https://www.menton-riviera-merveilles.fr/offres/restaurant-o-sole-mio-menton-fr-3052050/,"18 avenue Boyer, 06500 Menton",04 89 14 35 45,,,Cuisine Italienne,images/O'_Sole_Mio.jpg
La Pirogue,https://www.menton-riviera-merveilles.fr/offres/restaurant-la-pirogue-menton-fr-5222985/,"16 promenade de la mer, 06500 Menton",04 22 91 04 73,https://www.lapirogue-menton.fr/,,Cuisine méditerranéenne,images/La_Pirogue.jpg
La Petite Italie,https://www.menton-riviera-merveilles.fr/offres/restaurant-la-petite-italie-beausoleil-fr-3052044/,"35 boulevard de la République, 06240 Beausoleil",04 93 84 38 06,https://la-petiteitalie.fr/,,Cuisine méditerranéenne,images/La_Petite_Italie.jpg
New Saigon,https://www.menton-riviera-merveilles.fr/offres/restaurant-new-saigon-beausoleil-fr-3051255/,"4 boulevard des Moneghetti, 06240 Beausoleil",04 93 83 79 81,,,,images/New_Saigon.jpg
Le Café de la Fontaine,https://www.menton-riviera-merveilles.fr/offres/restaurant-le-cafe-de-la-fontaine-la-turbie-fr-3051408/,"4 avenue du Général de Gaulle, 06320 La Turbie",+33 (0)4 93 28 52 79,https://www.hostellerie-jerome.com/le-caf%C3%A9-de-la-fontaine,,Traditionnel,images/Le_Café_de_la_Fontaine.jpg
Mfc Chicken,https://www.menton-riviera-merveilles.fr/offres/restaurant-mfc-chicken-beausoleil-fr-3476743/,"15 boulevard de la République, 06240 Beausoleil",04 92 10 05 02,https://mfc-chicken.com/,,Brasserie,images/Mfc_Chicken.jpg
Bar le Zèbre,https://www.menton-riviera-merveilles.fr/offres/bar-le-zebre-sospel-fr-3051811/,"1 place du marché, 06380 Sospel",06 62 00 85 11,,,Restauration rapide,images/Bar_le_Zèbre.jpg
Fleurs des Alpes,https://www.menton-riviera-merveilles.fr/offres/restaurant-fleurs-des-alpes-la-brigue-fr-3051996/,"1 place Saint-Martin, 06430 La Brigue",04 93 04 61 05,,,Traditionnel,images/Fleurs_des_Alpes.jpg
Crêperie La Crêpe à l'envers,https://www.menton-riviera-merveilles.fr/offres/creperie-la-crepe-a-lenvers-menton-fr-3051166/,"6 rue Trenca, 06500 Menton",09 81 47 59 56,https://la-crepe-a-lenvers.eatbu.com/?lang=fr,,Crêperie,images/Crêperie_La_Crêpe_à_l'envers.jpg
L'Ardoise by Raf,https://www.menton-riviera-merveilles.fr/offres/restaurant-lardoise-by-raf-beausoleil-fr-3052023/,"Place de la Libération, 06240 Beausoleil",,,,Cuisine méditerranéenne,images/L'Ardoise_by_Raf.jpg
Retaurant La Note Blanche,https://www.menton-riviera-merveilles.fr/offres/retaurant-la-note-blanche-menton-fr-4631056/,"3 rue trenca, 06500 Menton",,,,Traditionnel,images/Retaurant_La_Note_Blanche.jpg
The pizza affair,https://www.menton-riviera-merveilles.fr/offres/restaurant-the-pizza-affair-beausoleil-fr-3474829/,"6 boulevard des moulins, 06240 Beausoleil",00377 93 25 25 95,,,Pizzeria,images/The_pizza_affair.jpg
Pad Thaï,https://www.menton-riviera-merveilles.fr/offres/restaurant-pad-thai-menton-fr-3051368/,"18 rue Albert 1er, 06500 Menton",09 83 45 80 52,,,Cuisine asiatique,images/Pad_Thaï.jpg
Planete Sushi,https://www.menton-riviera-merveilles.fr/offres/restaurant-planete-sushi-menton-fr-3051708/,"Quai Gordon Bennett, Esplanade des Sablettes - Voutes N° 11 & 12, 06500 Menton",09 70 80 80 20,,,Cuisine asiatique,images/Planete_Sushi.jpg
Belga frites,https://www.menton-riviera-merveilles.fr/offres/restaurant-belga-frites-menton-fr-3052057/,"9 avenue Cernuschi, 06500 Menton",04 93 57 18 96,,,Restauration rapide,images/Belga_frites.jpg
Carrousel Factory,https://www.menton-riviera-merveilles.fr/offres/restaurant-carrousel-factory-menton-fr-3490467/,"4 rue Fornari, 06500 Menton",,https://www.carrouselfactory.fr/blank-1,,Crêperie,images/Carrousel_Factory.jpg
La Cabraïa,https://www.menton-riviera-merveilles.fr/offres/restaurant-la-cabraia-sospel-fr-3051887/,"1, place de la Cabraïa, 06380 Sospel",04  22 91 23 84,,,Cuisine indienne,images/La_Cabraïa.jpg
Brasserie 199 Café,https://www.menton-riviera-merveilles.fr/offres/brasserie-199-cafe-roquebrune-cap-martin-fr-3051555/,"199 avenue Aristide Briand, 06190 Roquebrune-Cap-Martin",04 93 57 50 06,,,Brasserie,images/Brasserie_199_Café.jpg
Il Fornaio,https://www.menton-riviera-merveilles.fr/offres/restaurant-il-fornaio-beausoleil-fr-3051358/,"31 boulevard de la République, 06240 Beausoleil",04 93 51 41 65,,,Cuisine Italienne,images/Il_Fornaio.jpg
Snack/traiteur Guarana,https://www.menton-riviera-merveilles.fr/offres/snack-traiteur-guarana-beausoleil-fr-3051728/,"2 boulevard de la République, 06240 Beausoleil",04 93 78 40 71,,,Cuisine Italienne,images/Snack/traiteur_Guarana.jpg
Alden't,https://www.menton-riviera-merveilles.fr/offres/restaurant-aldent-beausoleil-fr-4010169/,"3 Bd du Général Leclerc, 06240 Beausoleil",04 93 78 08 44,,,Food truck,images/Alden't.jpg
Le Picoun,https://www.menton-riviera-merveilles.fr/offres/restaurant-le-picoun-sospel-fr-3051892/,"15 avenue Jean Médecin, 06380 Sospel",04 93 04 00 06,http://www.picoun.fr/,,Cuisine Italienne,images/Le_Picoun.jpg
Pizzeria La Mia Passione,https://www.menton-riviera-merveilles.fr/offres/pizzeria-la-mia-passione-menton-fr-5019512/,"18 rue Prato, 06500 Menton",06 52 40 06 88,https://lamiapassionepizzeria.com/,,Pizzeria,images/Pizzeria_La_Mia_Passione.jpg
Salento Express,https://www.menton-riviera-merveilles.fr/offres/restaurant-salento-express-menton-fr-5027523/,"2 rue Palmaro, 06500 Menton",06 50 60 07 26,,,Cuisine Italienne,images/Salento_Express.jpg
La Mandibule,https://www.menton-riviera-merveilles.fr/offres/restaurant-la-mandibule-menton-fr-3051829/,"1014 promenade du Soleil, 06500 Menton",04 93 28 41 95,,,Cuisine Italienne,images/La_Mandibule.jpg
Pizzeria Pizz'ar,https://www.menton-riviera-merveilles.fr/offres/pizzeria-pizzar-menton-fr-3051759/,"15 avenue Cernuschi, 06500 Menton",04 93 35 63 65,https://www.pizzar.fr,,Cuisine indienne,images/Pizzeria_Pizz'ar.jpg
Combo,https://www.menton-riviera-merveilles.fr/offres/combo-beausoleil-fr-4951582/,"Escaliers Tivoli - rue Honoré Millo, 06240 Beausoleil",06 12 08 34 55,,,Restauration rapide,images/Combo.jpg
Mirazur,https://www.menton-riviera-merveilles.fr/offres/restaurant-mirazur-menton-fr-3051586/,"30 avenue Aristide Briand, 06500 Menton",04 92 41 86 86,http://www.mirazur.fr,,Cuisine asiatique,images/Mirazur.jpg
O' Petit Corner,https://www.menton-riviera-merveilles.fr/offres/o-petit-corner-menton-fr-5036605/,"9 traverse du Bastion, 06500 Menton",07 49 16 47 19,,,Restauration rapide,images/O'_Petit_Corner.jpg
Massimo,https://www.menton-riviera-merveilles.fr/offres/restaurant-massimo-roquebrune-cap-martin-fr-3051393/,"7 Avenue François de Monléon, 06190 Roquebrune-Cap-Martin",,https://ristorante-massimo-roquebrune-cap-martin.eatbu.com/?lang=fr,,Cuisine méditerranéenne,images/Massimo.jpg
Sous les carillons,https://www.menton-riviera-merveilles.fr/offres/restaurant-sous-les-carillons-moulinet-fr-3342279/,"1 rue de la République, 06380 Moulinet",09 52 33 50 30,,,Cuisine méditerranéenne,images/Sous_les_carillons.jpg
La Veillée,https://www.menton-riviera-merveilles.fr/offres/restaurant-la-veillee-castellar-fr-5294919/,"58 rue de la République, 06500 Castellar",06 19 16 01 05,,,Traditionnel,images/La_Veillée.jpg
CE LA VI,https://www.menton-riviera-merveilles.fr/offres/restaurant-ce-la-vi-menton-fr-3051256/,"6 quai Bonaparte, Esplanade des Sablettes, Voute N°8, 06500 Menton",04 93 17 64 79,,,Restauration rapide,images/CE_LA_VI.jpg
Snack/Kebab Le Gourmand,https://www.menton-riviera-merveilles.fr/offres/snack-kebab-le-gourmand-menton-fr-4248576/,"31 avenue de Verdun, 06500 Menton",09 83 51 00 25,,,Restauration rapide,images/Snack/Kebab_Le_Gourmand.jpg
Les Croc's,https://www.menton-riviera-merveilles.fr/offres/restaurant-les-crocs-menton-fr-3697223/,"2 rue du Vieux collège, 06500 Menton",04 93 57 38 15,,,Restauration rapide,images/Les_Croc's.jpg
Le Sasano,https://www.menton-riviera-merveilles.fr/offres/restaurant-le-sasano-menton-fr-3051321/,"649 promenade du Soleil, 06500 Menton",04 93 35 24 75,,,Cuisine asiatique,images/Le_Sasano.jpg
Sini,https://www.menton-riviera-merveilles.fr/offres/restaurant-sini-menton-fr-3051981/,"7 rue des Marins, 06500 Menton",04 89 98 71 77,,,Cuisine indienne,images/Sini.jpg
La Topia,https://www.menton-riviera-merveilles.fr/offres/restaurant-la-topia-menton-fr-3051201/,"9 avenue Blasco ibanez, Parc du Pian, 06500 Menton",04 93 57 76 93,https://www.restaurantlatopia.com/,,Cuisine méditerranéenne,images/La_Topia.jpg
Snack All's Stars   Steakhouse Sport Bar,https://www.menton-riviera-merveilles.fr/offres/snack-alls-stars-steakhouse-sport-bar-menton-fr-5108845/,"12 promenade de la Mer, 06500 Menton",04 93 84 85 54,,,Restauration rapide,images/Snack_All's_Stars___Steakhouse_Sport_Bar.jpg
Les Incompris/Maison Martin,https://www.menton-riviera-merveilles.fr/offres/restaurant-les-incompris-maison-martin-menton-fr-3051209/,"7 & 8 quai Gordon Bennett, Esplanade des Sablettes, 06500 Menton",09 77 87 31 39,https://www.lesincompris.com,,Cuisine indienne,images/Les_Incompris/Maison_Martin.jpg
Le Saint Donat,https://www.menton-riviera-merveilles.fr/offres/restaurant-le-saint-donat-sospel-fr-3051908/,"Le Mas Fleuri, 06380 Sospel",,,,Cuisine Italienne,images/Le_Saint_Donat.jpg
